"Reference","Qty","Value","DNP","Exclude from BOM","Exclude from Board","Exclude from Simulation","Exclude from Position Files","Footprint","Datasheet"
"C1,C2,C3,C4,C8","5","1uF","","","","","${EXCLUDE_FROM_POS_FILES}","Capacitor_SMD:C_0402_1005Metric_Pad0.74x0.62mm_HandSolder",""
"C5,C6,C7","3","10uF","","","","","${EXCLUDE_FROM_POS_FILES}","Capacitor_SMD:C_0402_1005Metric_Pad0.74x0.62mm_HandSolder",""
"C9,C11","2","100nF","","","","","${EXCLUDE_FROM_POS_FILES}","Capacitor_SMD:C_0402_1005Metric_Pad0.74x0.62mm_HandSolder",""
"C10","1","4.7uF","","","","","${EXCLUDE_FROM_POS_FILES}","Capacitor_SMD:C_0402_1005Metric_Pad0.74x0.62mm_HandSolder",""
"D1,D7","2","PMEG4010EJ","","","","","${EXCLUDE_FROM_POS_FILES}","Diode_SMD:D_SOD-323F","https://datasheet.lcsc.com/lcsc/2204281430_Guangdong-Hottech-1N5819WS_C191023.pdf"
"D2,D3,D4,D5,D8,D9,D10,D11","8","TPD1E1B04DPYR","","","","","${EXCLUDE_FROM_POS_FILES}","Diode_SMD:D_0402_1005Metric_Pad0.77x0.64mm_HandSolder",""
"D6,D12","2","SD05C-7","","","","","${EXCLUDE_FROM_POS_FILES}","Diode_SMD:D_0402_1005Metric_Pad0.77x0.64mm_HandSolder",""
"D13","1","3216SYGC","","","","","${EXCLUDE_FROM_POS_FILES}","LED_SMD:LED_1206_3216Metric_Pad1.42x1.75mm_HandSolder",""
"D14","1","SK6812MINI","","","","","${EXCLUDE_FROM_POS_FILES}","LED_SMD:LED_SK6812MINI_PLCC4_3.5x3.5mm_P1.75mm","https://cdn-shop.adafruit.com/product-files/2686/SK6812MINI_REV.01-1-2.pdf"
"F1","1","3-161-417","","","","","${EXCLUDE_FROM_POS_FILES}","Fuse:Fuse_1210_3225Metric_Pad1.42x2.65mm_HandSolder",""
"J1,J2","2","2169900002","","","","","${EXCLUDE_FROM_POS_FILES}","Connector_USB:USB_C_Receptacle_HCTL_HC-TYPE-C-16P-01A","https://www.usb.org/sites/default/files/documents/usb_type-c.zip"
"J3,J4","2","Conn_01x23","","","","","${EXCLUDE_FROM_POS_FILES}","Connector_PinSocket_2.54mm:PinSocket_1x23_P2.54mm_Vertical",""
"Q1,Q2","2","L8050QLT1G","","","","","${EXCLUDE_FROM_POS_FILES}","Package_TO_SOT_SMD:SOT-223-3_TabPin2",""
"R1,R9,R10","3","10K","","","","","${EXCLUDE_FROM_POS_FILES}","Resistor_SMD:R_0402_1005Metric_Pad0.72x0.64mm_HandSolder",""
"R2","1","1K","","","","","${EXCLUDE_FROM_POS_FILES}","Resistor_SMD:R_0402_1005Metric_Pad0.72x0.64mm_HandSolder",""
"R3","1","47.5K","","","","","${EXCLUDE_FROM_POS_FILES}","Resistor_SMD:R_0402_1005Metric_Pad0.72x0.64mm_HandSolder",""
"R4","1","22.1K","","","","","${EXCLUDE_FROM_POS_FILES}","Resistor_SMD:R_0402_1005Metric_Pad0.72x0.64mm_HandSolder",""
"R5,R6,R7,R8","4","5.1K","","","","","${EXCLUDE_FROM_POS_FILES}","Resistor_SMD:R_0402_1005Metric_Pad0.72x0.64mm_HandSolder",""
"R11","1","470R","","","","","${EXCLUDE_FROM_POS_FILES}","Resistor_SMD:R_0402_1005Metric_Pad0.72x0.64mm_HandSolder",""
"SW1,SW2","2","SW_Push","","","","","${EXCLUDE_FROM_POS_FILES}","Button_Switch_SMD:SW_Push_1P1T_NO_Vertical_Wuerth_434133025816",""
"TP1","1","TMS","","","","","${EXCLUDE_FROM_POS_FILES}","TestPoint:TestPoint_Pad_D1.0mm",""
"TP2","1","TCK","","","","","${EXCLUDE_FROM_POS_FILES}","TestPoint:TestPoint_Pad_D1.0mm",""
"TP3","1","TDO","","","","","${EXCLUDE_FROM_POS_FILES}","TestPoint:TestPoint_Pad_D1.0mm",""
"TP4","1","TDI","","","","","${EXCLUDE_FROM_POS_FILES}","TestPoint:TestPoint_Pad_D1.0mm",""
"U1","1","ESP32-S3-MINI-1","","","","","${EXCLUDE_FROM_POS_FILES}","RF_Module:ESP32-S2-MINI-1","https://www.espressif.com/sites/default/files/documentation/esp32-s3-mini-1_mini-1u_datasheet_en.pdf"
"U2","1","LD1117S33TR","","","","","${EXCLUDE_FROM_POS_FILES}","Package_TO_SOT_SMD:SOT-223-3_TabPin2","http://www.st.com/st-web-ui/static/active/en/resource/technical/document/datasheet/CD00000544.pdf"
"U3","1","CP2102N-QFN24","","","","","${EXCLUDE_FROM_POS_FILES}","Package_DFN_QFN:QFN-24-1EP_4x4mm_P0.5mm_EP2.6x2.6mm","https://www.silabs.com/documents/public/data-sheets/cp2102n-datasheet.pdf"
