"Id";"Designator";"Footprint";"Quantity";"Designation";"Supplier and ref";
1;"C1, C2, C3, C4, C8";"C_0402_1005Metric_Pad0.74x0.62mm_HandSolder";5;"1uF";;;
2;"C5, C6, C7";"C_0402_1005Metric_Pad0.74x0.62mm_HandSolder";3;"10uF";;;
3;"C9, C11";"C_0402_1005Metric_Pad0.74x0.62mm_HandSolder";2;"100nF";;;
4;"C10";"C_0402_1005Metric_Pad0.74x0.62mm_HandSolder";1;"4.7uF";;;
5;"D1, D7";"D_SOD-323F";2;"PMEG4010EJ";;;
6;"D2, D3, D4, D5, D8, D9, D10, D11";"D_0402_1005Metric_Pad0.77x0.64mm_HandSolder";8;"TPD1E1B04DPYR";;;
7;"D6, D12";"D_0402_1005Metric_Pad0.77x0.64mm_HandSolder";2;"SD05C-7";;;
8;"D13";"LED_1206_3216Metric_Pad1.42x1.75mm_HandSolder";1;"3216SYGC";;;
9;"D14";"LED_SK6812MINI_PLCC4_3.5x3.5mm_P1.75mm";1;"SK6812MINI";;;
10;"F1";"Fuse_1210_3225Metric_Pad1.42x2.65mm_HandSolder";1;"3-161-417";;;
11;"J1, J2";"USB_C_Receptacle_HCTL_HC-TYPE-C-16P-01A";2;"2169900002";;;
12;"J3, J4";"PinSocket_1x23_P2.54mm_Vertical";2;"Conn_01x23";;;
13;"Q1, Q2";"SOT-223-3_TabPin2";2;"L8050QLT1G";;;
14;"R1, R9, R10";"R_0402_1005Metric_Pad0.72x0.64mm_HandSolder";3;"10K";;;
15;"R2";"R_0402_1005Metric_Pad0.72x0.64mm_HandSolder";1;"1K";;;
16;"R3";"R_0402_1005Metric_Pad0.72x0.64mm_HandSolder";1;"47.5K";;;
17;"R4";"R_0402_1005Metric_Pad0.72x0.64mm_HandSolder";1;"22.1K";;;
18;"R5, R6, R7, R8";"R_0402_1005Metric_Pad0.72x0.64mm_HandSolder";4;"5.1K";;;
19;"R11";"R_0402_1005Metric_Pad0.72x0.64mm_HandSolder";1;"470R";;;
20;"SW1, SW2";"SW_Push_1P1T_NO_Vertical_Wuerth_434133025816";2;"SW_Push";;;
21;"TP1";"TestPoint_Pad_D1.0mm";1;"TMS";;;
22;"TP2";"TestPoint_Pad_D1.0mm";1;"TCK";;;
23;"TP3";"TestPoint_Pad_D1.0mm";1;"TDO";;;
24;"TP4";"TestPoint_Pad_D1.0mm";1;"TDI";;;
25;"U1";"ESP32-S2-MINI-1";1;"ESP32-S3-MINI-1";;;
26;"U2";"SOT-223-3_TabPin2";1;"LD1117S33TR";;;
27;"U3";"QFN-24-1EP_4x4mm_P0.5mm_EP2.6x2.6mm";1;"CP2102N-QFN24";;;
